aeloss_step,train/total_loss,train/logvar,train/kl_loss,train/nll_loss,train/rec_loss,train/d_weight,train/disc_factor,train/g_loss,discloss_step,train/disc_loss,train/logits_real,train/logits_fake,epoch,created_at,val/rec_loss,val/total_loss,val/logvar,val/kl_loss,val/nll_loss,val/d_weight,val/disc_factor,val/g_loss,val/disc_loss,val/logits_real,val/logits_fake,aeloss_epoch,discloss_epoch
7299.36181640625,7299.36181640625,0.0,91645.390625,7120.525390625,0.14486746490001678,1801.0533447265625,1.0,0.09924440085887909,0.8833765983581543,0.8833765983581543,0.2478499412536621,-0.020862111821770668,918,2024-09-22 09:11:23.261499,,,,,,,,,,,,,
5851.080078125,5851.080078125,0.0,117332.96875,4131.48486328125,0.08405527472496033,3750.798095703125,1.0,0.45842990279197693,1.1850398778915405,1.1850398778915405,-0.6224743723869324,-0.2635457217693329,918,2024-09-22 09:12:13.564736,,,,,,,,,,,,,
7776.65869140625,7776.65869140625,0.0,95915.0546875,7418.60791015625,0.1509319692850113,2054.822509765625,1.0,0.17420238256454468,1.0083632469177246,1.0083632469177246,-0.02017662115395069,-0.022405214607715607,918,2024-09-22 09:13:03.024665,,,,,,,,,,,,,
7967.60302734375,7967.60302734375,0.0,82031.046875,6852.076171875,0.13940584659576416,3670.542236328125,1.0,0.30389097332954407,0.9390627145767212,0.9390627145767212,0.05839591473340988,-0.07264164090156555,918,2024-09-22 09:13:53.487382,,,,,,,,,,,,,
6934.1171875,6934.1171875,0.0,106018.046875,7107.02294921875,0.1445927619934082,2108.04248046875,1.0,-0.08207213878631592,1.0001459121704102,1.0001459121704102,0.22061452269554138,0.20340003073215485,918,2024-09-22 09:14:43.794311,,,,,,,,,,,,,
,,,,,,,,,,,,,918,2024-09-22 09:15:39.306196,0.14478664100170135,7116.65478515625,0.0,99265.390625,7116.5546875,0.0,1.0,0.18915756046772003,0.9402932524681091,-0.03128935024142265,-0.18915756046772003,,
,,,,,,,,,,,,,918,2024-09-22 09:15:40.841419,,,,,,,,,,,,7070.857421875,0.959565281867981
6871.6943359375,6871.6943359375,0.0,126637.734375,6166.5068359375,0.12545791268348694,2363.5849609375,1.0,0.29830142855644226,0.8657938241958618,0.8657938241958618,0.20416057109832764,-0.08724876493215561,919,2024-09-22 09:15:54.286997,,,,,,,,,,,,,
6854.31494140625,6854.31494140625,0.0,102355.8125,6996.6484375,0.14234718680381775,2510.4501953125,1.0,-0.056737277656793594,1.0673246383666992,1.0673246383666992,0.004743171390146017,0.13429544866085052,919,2024-09-22 09:16:49.568705,,,,,,,,,,,,,
6972.6171875,6972.6171875,0.0,85804.71875,6435.697265625,0.13093459606170654,1191.627685546875,1.0,0.4505046010017395,0.9218069314956665,0.9218069314956665,-0.21100904047489166,-0.4103124737739563,919,2024-09-22 09:17:45.995917,,,,,,,,,,,,,
6081.38037109375,6081.38037109375,0.0,83949.640625,5962.42529296875,0.12130585312843323,2519.120849609375,1.0,0.04718748852610588,0.9622517228126526,0.9622517228126526,0.19473974406719208,0.11349872499704361,919,2024-09-22 09:18:41.551151,,,,,,,,,,,,,
5399.49462890625,5399.49462890625,0.0,122744.859375,5000.5576171875,0.10173660516738892,3686.197265625,1.0,0.10819129645824432,0.9554569721221924,0.9554569721221924,0.2361757606267929,0.13379839062690735,919,2024-09-22 09:19:38.059933,,,,,,,,,,,,,
,,,,,,,,,,,,,919,2024-09-22 09:20:29.356043,0.14166562259197235,6963.24609375,0.0,94335.828125,6963.15380859375,0.0,1.0,0.26183009147644043,0.9464408755302429,-0.12920719385147095,-0.26183009147644043,,
,,,,,,,,,,,,,919,2024-09-22 09:20:30.955747,,,,,,,,,,,,6952.1376953125,0.9618194103240967
7261.66796875,7261.66796875,0.0,96687.109375,7072.12744140625,0.14388281106948853,1086.3643798828125,1.0,0.17438329756259918,0.9979851245880127,0.9979851245880127,-0.01565074920654297,-0.044768109917640686,920,2024-09-22 09:20:51.092004,,,,,,,,,,,,,
6805.67578125,6805.67578125,0.0,85195.578125,6878.26171875,0.1399385929107666,2135.135498046875,1.0,-0.0340358167886734,1.131047248840332,1.131047248840332,-0.021656986325979233,0.23662106692790985,920,2024-09-22 09:21:47.836107,,,,,,,,,,,,,
5662.1884765625,5662.1884765625,0.0,115294.75,4923.3427734375,0.10016566514968872,2260.305908203125,1.0,0.32682761549949646,0.9786518812179565,0.9786518812179565,-0.2062802016735077,-0.25775590538978577,920,2024-09-22 09:22:45.807810,,,,,,,,,,,,,
6651.375,6651.375,0.0,96676.671875,5592.00634765625,0.11376966536045074,2057.890380859375,1.0,0.5147368907928467,0.8838675022125244,0.8838675022125244,-0.11020553857088089,-0.36839568614959717,920,2024-09-22 09:23:40.625889,,,,,,,,,,,,,
6465.0322265625,6465.0322265625,0.0,112643.25,5999.5166015625,0.12206047773361206,2205.027099609375,1.0,0.2110644280910492,1.0301945209503174,1.0301945209503174,-0.13032367825508118,-0.07554963231086731,920,2024-09-22 09:24:35.163175,,,,,,,,,,,,,
,,,,,,,,,,,,,920,2024-09-22 09:25:21.788708,0.14151066541671753,6955.6220703125,0.0,90288.9609375,6955.533203125,0.0,1.0,0.31715697050094604,0.9149999022483826,-0.11838262528181076,-0.31715697050094604,,
,,,,,,,,,,,,,920,2024-09-22 09:25:23.338436,,,,,,,,,,,,7227.71337890625,0.9755458831787109
7584.17236328125,7584.17236328125,0.0,99014.328125,7481.6259765625,0.15221408009529114,3754.5810546875,1.0,0.02728588692843914,0.8820897936820984,0.8820897936820984,0.42798861861228943,0.1777302324771881,921,2024-09-22 09:25:49.681091,,,,,,,,,,,,,
7125.58056640625,7125.58056640625,0.0,93866.765625,6903.64453125,0.14045500755310059,2416.156494140625,1.0,0.09181621670722961,1.0565035343170166,1.0565035343170166,-0.07722931355237961,0.0321093313395977,921,2024-09-22 09:26:44.064635,,,,,,,,,,,,,
5873.31689453125,5873.31689453125,0.0,117062.2578125,6090.07177734375,0.123902827501297,2133.390869140625,1.0,-0.10165613144636154,1.0421581268310547,1.0421581268310547,0.20797058939933777,0.27108851075172424,921,2024-09-22 09:27:39.779118,,,,,,,,,,,,,
6768.123046875,6768.123046875,0.0,94042.3984375,6093.388671875,0.12397031486034393,2309.349609375,1.0,0.29213419556617737,1.0029144287109375,1.0029144287109375,-0.13202215731143951,-0.1396404504776001,921,2024-09-22 09:28:34.993611,,,,,,,,,,,,,
6818.4189453125,6818.4189453125,0.0,99653.6640625,7456.8681640625,0.1517103761434555,2550.43359375,1.0,-0.25036874413490295,1.0268371105194092,1.0268371105194092,0.323238343000412,0.35942235589027405,921,2024-09-22 09:29:30.768919,,,,,,,,,,,,,
,,,,,,,,,,,,,921,2024-09-22 09:30:12.252503,0.1499193161725998,7368.93310546875,0.0,96220.9296875,7368.83349609375,0.0,1.0,0.0849231481552124,0.9054099321365356,0.14136165380477905,-0.0849231481552124,,
,,,,,,,,,,,,,921,2024-09-22 09:30:13.390281,,,,,,,,,,,,7074.93359375,0.9629240036010742
5793.33544921875,5793.33544921875,0.0,101597.8828125,6314.67578125,0.12847241759300232,1543.616943359375,1.0,-0.33780521154403687,1.1164765357971191,1.1164765357971191,0.16736166179180145,0.37986239790916443,922,2024-09-22 09:30:48.604788,,,,,,,,,,,,,
6355.05810546875,6355.05810546875,0.0,92057.546875,6441.23388671875,0.13104724884033203,3655.617431640625,1.0,-0.02359878085553646,1.0304937362670898,1.0304937362670898,0.24144335091114044,0.27489858865737915,922,2024-09-22 09:31:47.614822,,,,,,,,,,,,,
7450.2783203125,7450.2783203125,0.0,104574.203125,5578.5546875,0.11349599063396454,2396.001953125,1.0,0.78114253282547,0.754664957523346,0.754664957523346,-0.06288456171751022,-0.6042434573173523,922,2024-09-22 09:32:42.009584,,,,,,,,,,,,,
6806.5146484375,6806.5146484375,0.0,111050.921875,6598.7119140625,0.13425114750862122,4279.20947265625,1.0,0.04853512719273567,1.071367859840393,1.071367859840393,0.013965670019388199,0.1519051045179367,922,2024-09-22 09:33:35.196441,,,,,,,,,,,,,
7896.474609375,7896.474609375,0.0,75445.78125,7154.193359375,0.14555244147777557,1919.0692138671875,1.0,0.38675275444984436,0.9274955987930298,0.9274955987930298,-0.07209616899490356,-0.2269957810640335,922,2024-09-22 09:34:28.042869,,,,,,,,,,,,,
,,,,,,,,,,,,,922,2024-09-22 09:34:59.921146,0.1384492963552475,6805.15087890625,0.0,91049.0234375,6805.060546875,0.0,1.0,0.08351507037878036,0.9389072060585022,0.056206416338682175,-0.08351507037878036,,
,,,,,,,,,,,,,922,2024-09-22 09:35:01.949048,,,,,,,,,,,,7046.18994140625,0.9633247256278992
7050.99072265625,7050.99072265625,0.0,95266.671875,6409.80078125,0.13040773570537567,1850.3917236328125,1.0,0.3464644253253937,0.824927031993866,0.824927031993866,0.1637999266386032,-0.28463539481163025,923,2024-09-22 09:35:41.133661,,,,,,,,,,,,,
5063.28515625,5063.28515625,0.0,127340.2265625,4236.892578125,0.0861998051404953,5000.0,1.0,0.16525307297706604,1.1304911375045776,1.1304911375045776,-0.20853964984416962,0.051091358065605164,923,2024-09-22 09:36:33.994929,,,,,,,,,,,,,
6086.41748046875,6086.41748046875,0.0,106910.515625,5513.0595703125,0.1121634840965271,1762.96435546875,1.0,0.3251630365848541,1.0238946676254272,1.0238946676254272,-0.22341498732566833,-0.18501245975494385,923,2024-09-22 09:37:28.379665,,,,,,,,,,,,,
4847.8505859375,4847.8505859375,0.0,110560.21875,5078.900390625,0.10333049297332764,3580.406982421875,1.0,-0.06456255912780762,1.3160496950149536,1.3160496950149536,-0.27735015749931335,0.3539303243160248,923,2024-09-22 09:38:24.150865,,,,,,,,,,,,,
7171.39013671875,7171.39013671875,0.0,90346.171875,6479.0673828125,0.13181696832180023,2448.59228515625,1.0,0.28270623087882996,0.9251561164855957,0.9251561164855957,0.062496617436409,-0.10640227049589157,923,2024-09-22 09:39:20.700221,,,,,,,,,,,,,
,,,,,,,,,,,,,923,2024-09-22 09:39:47.183965,0.1319371610879898,6485.0771484375,0.0,98273.59375,6484.97607421875,0.0,1.0,0.12430378794670105,0.9210259318351746,0.06236611306667328,-0.12430378794670105,,
,,,,,,,,,,,,,923,2024-09-22 09:39:49.015318,,,,,,,,,,,,6967.07763671875,0.9599774479866028
6738.04052734375,6738.04052734375,0.0,99055.453125,6940.66015625,0.14120809733867645,2809.055908203125,1.0,-0.07216616719961166,1.1909070014953613,1.1909070014953613,-0.17478607594966888,0.20351222157478333,924,2024-09-22 09:40:35.873235,,,,,,,,,,,,,
7206.8779296875,7206.8779296875,0.0,77950.6640625,6861.7802734375,0.13960328698158264,2074.402587890625,1.0,0.16632242500782013,0.9036117792129517,0.9036117792129517,0.18875515460968018,-0.027750758454203606,924,2024-09-22 09:41:32.647648,,,,,,,,,,,,,
6111.34765625,6111.34765625,0.0,96061.578125,5637.5537109375,0.11469632387161255,2967.529052734375,1.0,0.15962694585323334,0.9142568111419678,0.9142568111419678,0.1350439041852951,-0.06292827427387238,924,2024-09-22 09:42:28.434959,,,,,,,,,,,,,
6936.20263671875,6936.20263671875,0.0,96352.375,6918.27392578125,0.1407526433467865,2452.563720703125,1.0,0.007270924746990204,1.0269684791564941,1.0269684791564941,0.07542292028665543,0.1224469318985939,924,2024-09-22 09:43:25.042052,,,,,,,,,,,,,
8267.7412109375,8267.7412109375,0.0,94616.96875,7024.17138671875,0.14290714263916016,2050.35400390625,1.0,0.6064684391021729,0.9558261632919312,0.9558261632919312,-0.2429235726594925,-0.36331790685653687,924,2024-09-22 09:44:20.739954,,,,,,,,,,,,,
,,,,,,,,,,,,,924,2024-09-22 09:44:41.280943,0.1364852488040924,6708.61767578125,0.0,92886.4296875,6708.52392578125,0.0,1.0,0.01871817372739315,0.9452650547027588,0.11399608105421066,-0.01871817372739315,,
,,,,,,,,,,,,,924,2024-09-22 09:44:43.103358,,,,,,,,,,,,6966.5078125,0.9718731045722961
8062.1806640625,8062.1806640625,0.0,93909.8671875,7993.283203125,0.16262376308441162,3236.093505859375,1.0,0.0212613046169281,1.0625864267349243,1.0625864267349243,0.026489321142435074,0.13778112828731537,925,2024-09-22 09:45:37.074180,,,,,,,,,,,,,
6593.8798828125,6593.8798828125,0.0,88212.078125,5461.6865234375,0.11111830174922943,2568.69873046875,1.0,0.4407309591770172,0.9585714340209961,0.9585714340209961,-0.25893768668174744,-0.3513318598270416,925,2024-09-22 09:46:29.566932,,,,,,,,,,,,,
5825.60302734375,5825.60302734375,0.0,118145.0703125,4675.55322265625,0.09512437880039215,5000.0,1.0,0.229986310005188,1.1500613689422607,1.1500613689422607,-0.3350483477115631,-0.03782909736037254,925,2024-09-22 09:47:22.353426,,,,,,,,,,,,,
6268.8349609375,6268.8349609375,0.0,104918.34375,5708.63623046875,0.11614250391721725,2698.80859375,1.0,0.20753365755081177,0.9885966181755066,0.9885966181755066,-0.04404443874955177,-0.07660770416259766,925,2024-09-22 09:48:14.667328,,,,,,,,,,,,,
,,,,,,,,,,,,,925,2024-09-22 09:49:19.761530,0.13930164277553558,6847.04443359375,0.0,93526.2421875,6846.95068359375,0.0,1.0,0.10335193574428558,0.9513534307479858,0.012181156314909458,-0.10335193574428558,,
,,,,,,,,,,,,,925,2024-09-22 09:49:20.606063,,,,,,,,,,,,6940.0380859375,0.9725812673568726
7190.61279296875,7190.61279296875,0.0,71172.328125,6996.20556640625,0.14233817160129547,2371.208984375,1.0,0.0819564014673233,1.018287181854248,1.018287181854248,-0.020441921427845955,0.008228600956499577,926,2024-09-22 09:49:25.228144,,,,,,,,,,,,,
6746.71337890625,6746.71337890625,0.0,106754.125,6901.0849609375,0.14040294289588928,1946.4451904296875,1.0,-0.07936446368694305,1.0530723333358765,1.0530723333358765,0.06843391060829163,0.16834385693073273,926,2024-09-22 09:50:17.519549,,,,,,,,,,,,,
7605.6767578125,7605.6767578125,0.0,95946.828125,6770.96142578125,0.13775557279586792,3368.142333984375,1.0,0.24779827892780304,0.8787378668785095,0.8787378668785095,0.37898820638656616,0.0712532177567482,926,2024-09-22 09:51:10.595372,,,,,,,,,,,,,
7654.2724609375,7654.2724609375,0.0,92237.375,8132.84765625,0.16546320915222168,2868.994873046875,1.0,-0.16684144735336304,0.9789733290672302,0.9789733290672302,0.4302792251110077,0.3470217287540436,926,2024-09-22 09:52:02.844101,,,,,,,,,,,,,
6187.7646484375,6187.7646484375,0.0,100518.78125,5395.5322265625,0.10977238416671753,2323.249267578125,1.0,0.3409586548805237,0.9683085680007935,0.9683085680007935,-0.13006266951560974,-0.22544124722480774,926,2024-09-22 09:52:55.993461,,,,,,,,,,,,,
,,,,,,,,,,,,,926,2024-09-22 09:53:53.872655,0.1279238611459732,6287.81494140625,0.0,100399.28125,6287.71533203125,0.0,1.0,0.2768700420856476,0.9351029396057129,-0.11831741780042648,-0.2768700420856476,,
,,,,,,,,,,,,,926,2024-09-22 09:53:55.515868,,,,,,,,,,,,6799.92041015625,0.959337592124939
6295.00439453125,6295.00439453125,0.0,95078.453125,7258.36083984375,0.14767172932624817,2055.73193359375,1.0,-0.4686659872531891,0.9910209774971008,0.9910209774971008,0.6519948840141296,0.5446472764015198,927,2024-09-22 09:54:06.691549,,,,,,,,,,,,,
5506.4072265625,5506.4072265625,0.0,106072.578125,5863.158203125,0.11928626149892807,2359.645263671875,1.0,-0.15123333036899567,1.2486441135406494,1.2486441135406494,-0.16311763226985931,0.3337442874908447,927,2024-09-22 09:54:59.897162,,,,,,,,,,,,,
5313.47265625,5313.47265625,0.0,109143.640625,4344.9501953125,0.08839824050664902,2284.720458984375,1.0,0.42386510968208313,1.125064492225647,1.125064492225647,-0.5280789732933044,-0.28580695390701294,927,2024-09-22 09:55:51.888795,,,,,,,,,,,,,
7818.22119140625,7818.22119140625,0.0,85053.390625,7046.2353515625,0.14335602521896362,1874.1009521484375,1.0,0.41187798976898193,0.8993350267410278,0.8993350267410278,-0.09619245678186417,-0.33302775025367737,927,2024-09-22 09:56:45.275057,,,,,,,,,,,,,
5624.40576171875,5624.40576171875,0.0,102654.4609375,7034.4697265625,0.14311665296554565,3549.037353515625,1.0,-0.3973377048969269,1.0377367734909058,1.0377367734909058,0.5579333901405334,0.5900977849960327,927,2024-09-22 09:57:37.363236,,,,,,,,,,,,,
,,,,,,,,,,,,,927,2024-09-22 09:58:30.241775,0.1348092406988144,6626.2412109375,0.0,101517.0703125,6626.14111328125,0.0,1.0,-0.020082151517271996,0.9335547089576721,0.18570812046527863,0.020082151517271996,,
,,,,,,,,,,,,,927,2024-09-22 09:58:32.007972,,,,,,,,,,,,6759.279296875,0.9398381114006042
6118.849609375,6118.849609375,0.0,110555.734375,5627.44384765625,0.11449064314365387,1284.8297119140625,1.0,0.3823818564414978,0.9663488864898682,0.9663488864898682,-0.16806037724018097,-0.265304297208786,928,2024-09-22 09:58:49.629745,,,,,,,,,,,,,
6596.7607421875,6596.7607421875,0.0,99836.828125,4905.90673828125,0.09981092810630798,3636.0712890625,1.0,0.4649948477745056,1.0852606296539307,1.0852606296539307,-0.2496180236339569,-0.0830535888671875,928,2024-09-22 09:59:41.710731,,,,,,,,,,,,,
6565.255859375,6565.255859375,0.0,80883.8671875,6402.72119140625,0.13026370108127594,1708.3026123046875,1.0,0.09509655088186264,0.8703149557113647,0.8703149557113647,0.27387019991874695,-0.01594023033976555,928,2024-09-22 10:00:34.886933,,,,,,,,,,,,,
5269.1865234375,5269.1865234375,0.0,126006.40625,5669.46826171875,0.11534562706947327,2602.926025390625,1.0,-0.15382982790470123,1.101285457611084,1.101285457611084,0.06154175102710724,0.2627962827682495,928,2024-09-22 10:01:26.984451,,,,,,,,,,,,,
4326.66015625,4326.66015625,0.0,102888.203125,5103.07958984375,0.10382242500782013,3478.939697265625,1.0,-0.22320657968521118,1.0964224338531494,1.0964224338531494,0.3044281303882599,0.45652684569358826,928,2024-09-22 10:02:20.083011,,,,,,,,,,,,,
,,,,,,,,,,,,,928,2024-09-22 10:03:05.689597,0.1385432779788971,6809.77783203125,0.0,97481.078125,6809.6796875,0.0,1.0,-0.0006028428324498236,0.9743378162384033,0.06859800964593887,0.0006028428324498236,,
,,,,,,,,,,,,,928,2024-09-22 10:03:06.563884,,,,,,,,,,,,6749.76171875,0.9675411581993103
4646.7021484375,4646.7021484375,0.0,119657.1640625,5008.69970703125,0.10190226137638092,3264.66015625,1.0,-0.11092033982276917,1.2697067260742188,1.2697067260742188,-0.21820548176765442,0.31725552678108215,929,2024-09-22 10:03:29.690286,,,,,,,,,,,,,
5831.91357421875,5831.91357421875,0.0,88747.640625,5594.931640625,0.11382918059825897,1982.5299072265625,1.0,0.11949031054973602,1.0830832719802856,1.0830832719802856,-0.13002702593803406,0.0347246378660202,929,2024-09-22 10:04:23.044369,,,,,,,,,,,,,
7606.6455078125,7606.6455078125,0.0,89975.015625,7757.97412109375,0.15783639252185822,1354.8585205078125,1.0,-0.11175957322120667,0.9561023712158203,0.9561023712158203,0.3441403806209564,0.23493321239948273,929,2024-09-22 10:05:14.912261,,,,,,,,,,,,,
8704.4306640625,8704.4306640625,0.0,87146.109375,9126.947265625,0.18568822741508484,2832.1376953125,1.0,-0.14921726286411285,0.9809836745262146,0.9809836745262146,0.3815073072910309,0.3238166570663452,929,2024-09-22 10:06:08.154854,,,,,,,,,,,,,
7277.85595703125,7277.85595703125,0.0,96373.296875,7371.72509765625,0.1499781310558319,2169.73583984375,1.0,-0.04330730438232422,1.0050060749053955,1.0050060749053955,0.21408233046531677,0.2199145257472992,929,2024-09-22 10:07:00.306974,,,,,,,,,,,,,
,,,,,,,,,,,,,929,2024-09-22 10:07:40.255190,0.13283255696296692,6529.08447265625,0.0,99027.0234375,6528.984375,0.0,1.0,0.41722962260246277,0.9101790189743042,-0.19146870076656342,-0.41722962260246277,,
,,,,,,,,,,,,,929,2024-09-22 10:07:41.866710,,,,,,,,,,,,6826.66162109375,0.9668596386909485
7662.5419921875,7662.5419921875,0.0,81385.359375,7442.8525390625,0.15142522752285004,2358.241455078125,1.0,0.0931236669421196,0.8986827731132507,0.8986827731132507,0.23592984676361084,0.02319895476102829,930,2024-09-22 10:08:11.743918,,,,,,,,,,,,,
7568.8935546875,7568.8935546875,0.0,106639.453125,6500.1318359375,0.1322455257177353,4376.69482421875,1.0,0.24416951835155487,0.9619133472442627,0.9619133472442627,0.05047651752829552,-0.03071070834994316,930,2024-09-22 10:09:03.821078,,,,,,,,,,,,,
7529.2548828125,7529.2548828125,0.0,87949.46875,8110.1923828125,0.16500228643417358,2537.986083984375,1.0,-0.22893165051937103,1.0178536176681519,1.0178536176681519,0.3525475263595581,0.3751775622367859,930,2024-09-22 10:10:00.142298,,,,,,,,,,,,,
6859.365234375,6859.365234375,0.0,117821.1875,5214.17578125,0.10608267784118652,4505.984375,1.0,0.36508604884147644,0.9380010366439819,0.9380010366439819,0.004767261911183596,-0.13200730085372925,930,2024-09-22 10:10:55.867016,,,,,,,,,,,,,
6832.44677734375,6832.44677734375,0.0,95102.046875,6888.8759765625,0.14015454053878784,3849.201904296875,1.0,-0.014684678986668587,1.092172384262085,1.092172384262085,0.02726113423705101,0.20837149024009705,930,2024-09-22 10:11:52.344641,,,,,,,,,,,,,
,,,,,,,,,,,,,930,2024-09-22 10:12:27.758638,0.13460654020309448,6616.27294921875,0.0,90070.2578125,6616.18115234375,0.0,1.0,0.0874563604593277,0.9179027080535889,0.10397519171237946,-0.0874563604593277,,
,,,,,,,,,,,,,930,2024-09-22 10:12:28.703156,,,,,,,,,,,,6927.3818359375,0.9688711762428284
7026.84619140625,7026.84619140625,0.0,88280.3125,6886.072265625,0.1400974988937378,1598.1082763671875,1.0,0.08803244680166245,0.8773878216743469,0.8773878216743469,0.24385522305965424,-0.01340446062386036,931,2024-09-22 10:13:07.285672,,,,,,,,,,,,,
6686.29931640625,6686.29931640625,0.0,96039.0625,5733.71142578125,0.11665266007184982,4246.1455078125,1.0,0.22431915998458862,0.9808189868927002,0.9808189868927002,0.037677545100450516,-0.014743909239768982,931,2024-09-22 10:14:03.824156,,,,,,,,,,,,,
5998.98876953125,5998.98876953125,0.0,120146.546875,5177.7001953125,0.10534058511257172,3341.080078125,1.0,0.24577930569648743,1.0105578899383545,1.0105578899383545,0.042995959520339966,0.05229972302913666,931,2024-09-22 10:14:59.443618,,,,,,,,,,,,,
7072.5693359375,7072.5693359375,0.0,85314.78125,6315.4560546875,0.12848828732967377,1429.9935302734375,1.0,0.529392659664154,0.8944774866104126,0.8944774866104126,-0.02391122840344906,-0.24619275331497192,931,2024-09-22 10:15:56.167588,,,,,,,,,,,,,
7418.04052734375,7418.04052734375,0.0,82726.4375,7744.23388671875,0.15755684673786163,1779.17822265625,1.0,-0.1833856701850891,1.1449556350708008,1.1449556350708008,0.08432245999574661,0.3697943389415741,931,2024-09-22 10:16:51.908134,,,,,,,,,,,,,
,,,,,,,,,,,,,931,2024-09-22 10:17:21.450362,0.1293797492980957,6359.37255859375,0.0,96554.71875,6359.27685546875,0.0,1.0,0.12038058787584305,0.8888799548149109,0.12641824781894684,-0.12038058787584305,,
,,,,,,,,,,,,,931,2024-09-22 10:17:23.265342,,,,,,,,,,,,6923.0927734375,0.9642433524131775
5856.572265625,5856.572265625,0.0,100465.4140625,6222.923828125,0.12660571932792664,3019.17333984375,1.0,-0.12137498706579208,0.9834153652191162,0.9834153652191162,0.31013959646224976,0.26204442977905273,932,2024-09-22 10:18:08.553333,,,,,,,,,,,,,
6002.50634765625,6002.50634765625,0.0,98299.328125,6599.49267578125,0.13426703214645386,2990.302734375,1.0,-0.1996736079454422,1.1912503242492676,1.1912503242492676,0.10281731188297272,0.4687962234020233,932,2024-09-22 10:19:04.347857,,,,,,,,,,,,,
6624.3984375,6624.3984375,0.0,86743.1484375,6164.4052734375,0.1254151463508606,1582.3167724609375,1.0,0.29065364599227905,1.0135496854782104,1.0135496854782104,-0.22010424733161926,-0.20394067466259003,932,2024-09-22 10:20:00.680657,,,,,,,,,,,,,
7026.55908203125,7026.55908203125,0.0,99418.5078125,6281.294921875,0.12779328227043152,2351.99951171875,1.0,0.3168216645717621,0.9739111661911011,0.9739111661911011,-0.12018020451068878,-0.21902039647102356,932,2024-09-22 10:20:56.191175,,,,,,,,,,,,,
8170.10302734375,8170.10302734375,0.0,108075.9296875,7600.33935546875,0.15462930500507355,2370.884765625,1.0,0.24027131497859955,0.9413105249404907,0.9413105249404907,0.1131700798869133,-0.007464010734111071,932,2024-09-22 10:21:52.242387,,,,,,,,,,,,,
,,,,,,,,,,,,,932,2024-09-22 10:22:12.992594,0.13194920122623444,6485.669921875,0.0,101208.5,6485.56640625,0.0,1.0,0.28616225719451904,0.8536443114280701,0.06330162286758423,-0.28616225719451904,,
,,,,,,,,,,,,,932,2024-09-22 10:22:13.857072,,,,,,,,,,,,6863.703125,0.9546018838882446
6356.798828125,6356.798828125,0.0,105753.7421875,5580.78955078125,0.11354145407676697,2453.74951171875,1.0,0.3162112236022949,1.0564826726913452,1.0564826726913452,-0.24836114048957825,-0.15005075931549072,933,2024-09-22 10:23:04.220063,,,,,,,,,,,,,
8367.232421875,8367.232421875,0.0,85651.1328125,7885.35302734375,0.16042792797088623,3853.440673828125,1.0,0.12502948939800262,1.0507047176361084,1.0507047176361084,0.0448727123439312,0.13557922840118408,933,2024-09-22 10:24:00.087702,,,,,,,,,,,,,
5876.1474609375,5876.1474609375,0.0,105855.921875,5236.4267578125,0.10653537511825562,1753.13427734375,1.0,0.36484068632125854,1.022483229637146,1.022483229637146,-0.30281051993370056,-0.26282066106796265,933,2024-09-22 10:24:55.452730,,,,,,,,,,,,,
7164.36767578125,7164.36767578125,0.0,89932.7890625,7025.283203125,0.14292976260185242,1953.4683837890625,1.0,0.07115282863378525,0.9325556755065918,0.9325556755065918,0.0829627737402916,-0.0626225620508194,933,2024-09-22 10:25:51.078489,,,,,,,,,,,,,
,,,,,,,,,,,,,933,2024-09-22 10:27:01.727945,0.13032637536525726,6405.89794921875,0.0,97324.1640625,6405.80029296875,0.0,1.0,-0.010889378376305103,0.9960927367210388,0.0383877232670784,0.010889378376305103,,
,,,,,,,,,,,,,933,2024-09-22 10:27:03.671587,,,,,,,,,,,,6689.55419921875,0.9666728377342224
5216.51953125,5216.51953125,0.0,133101.40625,4546.4052734375,0.092496857047081,2312.8486328125,1.0,0.2896777391433716,1.025346279144287,1.025346279144287,-0.17688381671905518,-0.1500435471534729,934,2024-09-22 10:27:06.656570,,,,,,,,,,,,,
6191.78564453125,6191.78564453125,0.0,109323.3125,6108.1240234375,0.12427010387182236,2172.509765625,1.0,0.03845888003706932,1.0204856395721436,1.0204856395721436,0.044301021844148636,0.07352826744318008,934,2024-09-22 10:28:03.976602,,,,,,,,,,,,,
7950.388671875,7950.388671875,0.0,88462.796875,7986.21875,0.16248004138469696,3657.73046875,1.0,-0.009819910861551762,1.0244382619857788,1.0244382619857788,0.18618838489055634,0.22923119366168976,934,2024-09-22 10:28:59.910256,,,,,,,,,,,,,
6686.6904296875,6686.6904296875,0.0,88917.6171875,5385.81640625,0.10957472026348114,2800.06103515625,1.0,0.46455591917037964,1.0817621946334839,1.0817621946334839,-0.4220876097679138,-0.26868152618408203,934,2024-09-22 10:29:56.900366,,,,,,,,,,,,,
6267.76416015625,6267.76416015625,0.0,137836.53125,4443.248046875,0.09039811789989471,4650.1708984375,1.0,0.3923250138759613,0.9316142201423645,0.9316142201423645,-0.18086576461791992,-0.32933005690574646,934,2024-09-22 10:30:53.241295,,,,,,,,,,,,,
,,,,,,,,,,,,,934,2024-09-22 10:31:58.516659,0.1320444792509079,6490.3525390625,0.0,100210.0,6490.2529296875,0.0,1.0,0.08959376811981201,0.9504302144050598,0.02773607335984707,-0.08959376811981201,,
,,,,,,,,,,,,,934,2024-09-22 10:31:59.416880,,,,,,,,,,,,6711.49560546875,0.958505392074585
8157.9833984375,8157.9833984375,0.0,85605.203125,8519.458984375,0.17332884669303894,1701.98974609375,1.0,-0.2124345749616623,1.0426642894744873,1.0426642894744873,0.26119861006736755,0.3024296164512634,935,2024-09-22 10:32:08.777627,,,,,,,,,,,,,
6962.83349609375,6962.83349609375,0.0,89692.0703125,6884.447265625,0.14006444811820984,2057.607177734375,1.0,0.03805225342512131,1.0957274436950684,1.0957274436950684,-0.08382343500852585,0.07900098711252213,935,2024-09-22 10:33:04.734245,,,,,,,,,,,,,
6038.248046875,6038.248046875,0.0,77655.828125,6214.1328125,0.12642686069011688,1451.4927978515625,1.0,-0.12122873216867447,1.0306147336959839,1.0306147336959839,0.13591501116752625,0.1781150847673416,935,2024-09-22 10:34:01.038825,,,,,,,,,,,,,
6689.43408203125,6689.43408203125,0.0,103250.2421875,5740.85693359375,0.116798035800457,2670.807861328125,1.0,0.3551262617111206,0.9382961392402649,0.9382961392402649,0.14685732126235962,0.015461132861673832,935,2024-09-22 10:34:57.324519,,,,,,,,,,,,,
6255.859375,6255.859375,0.0,90546.78125,6187.86328125,0.12589240074157715,1205.9771728515625,1.0,0.05630774796009064,0.9884542226791382,0.9884542226791382,0.057482678443193436,0.014584369957447052,935,2024-09-22 10:35:53.666057,,,,,,,,,,,,,
,,,,,,,,,,,,,935,2024-09-22 10:36:48.842745,0.12688757479190826,6236.87109375,0.0,92135.96875,6236.77734375,0.0,1.0,0.24094776809215546,0.9166017174720764,-0.045576151460409164,-0.24094776809215546,,
,,,,,,,,,,,,,935,2024-09-22 10:36:50.700627,,,,,,,,,,,,6669.41357421875,0.9593383073806763
7133.90576171875,7133.90576171875,0.0,126989.0546875,6687.34033203125,0.13605429232120514,4173.83251953125,1.0,0.10696130990982056,1.1356548070907593,1.1356548070907593,-0.05925019457936287,0.20004311203956604,936,2024-09-22 10:37:06.277669,,,,,,,,,,,,,
6921.3203125,6921.3203125,0.0,91064.6640625,6780.232421875,0.13794419169425964,1361.466064453125,1.0,0.1035621389746666,1.0432233810424805,1.0432233810424805,-0.08788476139307022,-0.015409771353006363,936,2024-09-22 10:38:00.446668,,,,,,,,,,,,,
7352.48681640625,7352.48681640625,0.0,78530.546875,6545.3447265625,0.1331653892993927,2216.477294921875,1.0,0.36411985754966736,1.0631005764007568,1.0631005764007568,-0.23699906468391418,-0.12138358503580093,936,2024-09-22 10:38:53.891158,,,,,,,,,,,,,
5388.9248046875,5388.9248046875,0.0,124101.765625,5430.482421875,0.11048345267772675,3156.3125,1.0,-0.013205788098275661,1.1835657358169556,1.1835657358169556,-0.18962329626083374,0.17740392684936523,936,2024-09-22 10:39:47.888794,,,,,,,,,,,,,
6494.94873046875,6494.94873046875,0.0,88434.5390625,6694.5419921875,0.13620081543922424,1372.2470703125,1.0,-0.14551419019699097,0.9085342884063721,0.9085342884063721,0.3762561082839966,0.152608260512352,936,2024-09-22 10:40:41.393058,,,,,,,,,,,,,
,,,,,,,,,,,,,936,2024-09-22 10:41:30.715712,0.1326461285352707,6519.9208984375,0.0,97525.2734375,6519.82275390625,0.0,1.0,0.138160839676857,0.9376881122589111,0.021919000893831253,-0.138160839676857,,
,,,,,,,,,,,,,936,2024-09-22 10:41:31.599502,,,,,,,,,,,,6606.17578125,0.9754728674888611
7087.02197265625,7087.02197265625,0.0,95201.2421875,6403.126953125,0.13027195632457733,2705.4814453125,1.0,0.2527461349964142,0.9221030473709106,0.9221030473709106,0.06948841363191605,-0.09470896422863007,937,2024-09-22 10:41:53.536421,,,,,,,,,,,,,
7331.20751953125,7331.20751953125,0.0,87598.859375,6963.52978515625,0.14167338609695435,2837.423583984375,1.0,0.12955071032047272,1.02070951461792,1.02070951461792,0.02232716977596283,0.05735669657588005,937,2024-09-22 10:42:46.737071,,,,,,,,,,,,,
6727.96875,6727.96875,0.0,81865.4609375,6152.4052734375,0.1251710057258606,2030.2069091796875,1.0,0.28345945477485657,1.0856808423995972,1.0856808423995972,-0.33428844809532166,-0.18427716195583344,937,2024-09-22 10:43:40.857083,,,,,,,,,,,,,
5591.400390625,5591.400390625,0.0,94490.9609375,6368.7763671875,0.12957309186458588,2343.7822265625,1.0,-0.3317161798477173,1.194807767868042,1.194807767868042,0.0949106365442276,0.4805709719657898,937,2024-09-22 10:44:34.220734,,,,,,,,,,,,,
7554.9580078125,7554.9580078125,0.0,85588.890625,7993.99658203125,0.16263827681541443,1365.6834716796875,1.0,-0.3215414881706238,1.0140464305877686,1.0140464305877686,0.3910144865512848,0.39486607909202576,937,2024-09-22 10:45:28.297620,,,,,,,,,,,,,
,,,,,,,,,,,,,937,2024-09-22 10:46:10.646861,0.13031037151813507,6405.11376953125,0.0,98550.9375,6405.01513671875,0.0,1.0,0.14429348707199097,0.9281023740768433,0.017410483211278915,-0.14429348707199097,,
,,,,,,,,,,,,,937,2024-09-22 10:46:11.542381,,,,,,,,,,,,6492.0703125,0.9697254300117493
7295.9755859375,7295.9755859375,0.0,73598.734375,7335.80810546875,0.149247407913208,1942.98046875,1.0,-0.020538583397865295,0.9533406496047974,0.9533406496047974,0.1997033655643463,0.09846698492765427,938,2024-09-22 10:46:39.848807,,,,,,,,,,,,,
5730.861328125,5730.861328125,0.0,79756.484375,6624.11572265625,0.13476797938346863,4216.64013671875,1.0,-0.21185913681983948,1.1800119876861572,1.1800119876861572,0.1935657411813736,0.5355843901634216,938,2024-09-22 10:47:34.066820,,,,,,,,,,,,,
6017.775390625,6017.775390625,0.0,112281.5234375,5048.26953125,0.10270731151103973,3185.705810546875,1.0,0.30429479479789734,0.8882023096084595,0.8882023096084595,0.06755097210407257,-0.15996041893959045,938,2024-09-22 10:48:28.623769,,,,,,,,,,,,,
5948.15966796875,5948.15966796875,0.0,125627.4296875,4684.92529296875,0.09531505405902863,4566.99658203125,1.0,0.27657321095466614,0.9532752633094788,0.9532752633094788,0.022907163947820663,-0.09479112178087234,938,2024-09-22 10:49:23.589286,,,,,,,,,,,,,
7208.974609375,7208.974609375,0.0,95524.25,7929.21484375,0.161320298910141,2073.483642578125,1.0,-0.3474036455154419,1.044491171836853,1.044491171836853,0.39183518290519714,0.47035184502601624,938,2024-09-22 10:50:16.417364,,,,,,,,,,,,,
,,,,,,,,,,,,,938,2024-09-22 10:50:53.509811,0.12982943654060364,6381.4794921875,0.0,101559.9296875,6381.376953125,0.0,1.0,0.0701230987906456,0.9259821772575378,0.12496968358755112,-0.0701230987906456,,
,,,,,,,,,,,,,938,2024-09-22 10:50:54.390748,,,,,,,,,,,,6584.029296875,0.964225709438324
5312.197265625,5312.197265625,0.0,97276.21875,4716.2861328125,0.0959530919790268,3712.0712890625,1.0,0.1605071872472763,1.099257469177246,1.099257469177246,-0.1734660416841507,0.024282455444335938,939,2024-09-22 10:51:29.127185,,,,,,,,,,,,,
7069.5439453125,7069.5439453125,0.0,80740.4453125,6252.857421875,0.127214714884758,1994.78271484375,1.0,0.40937086939811707,0.9245510101318359,0.9245510101318359,-0.14835330843925476,-0.33095401525497437,939,2024-09-22 10:52:22.982334,,,,,,,,,,,,,
7568.3232421875,7568.3232421875,0.0,72936.953125,7077.9619140625,0.14400151371955872,2476.421142578125,1.0,0.1979827880859375,0.8624300956726074,0.8624300956726074,0.3355247974395752,0.0031975482124835253,939,2024-09-22 10:53:16.665162,,,,,,,,,,,,,
7255.5380859375,7255.5380859375,0.0,70331.4375,7405.94677734375,0.15067437291145325,1806.5723876953125,1.0,-0.08329522609710693,1.0337963104248047,1.0337963104248047,0.2041962891817093,0.2627260088920593,939,2024-09-22 10:54:08.586447,,,,,,,,,,,,,
6517.0283203125,6517.0283203125,0.0,86985.1953125,5799.95654296875,0.11800041794776917,2402.78466796875,1.0,0.29839757084846497,1.0481948852539062,1.0481948852539062,-0.24532751739025116,-0.15307824313640594,939,2024-09-22 10:55:01.762499,,,,,,,,,,,,,
,,,,,,,,,,,,,939,2024-09-22 10:55:30.962663,0.13464593887329102,6618.21142578125,0.0,92214.9375,6618.11865234375,0.0,1.0,0.039101745933294296,0.8923433423042297,0.2182704508304596,-0.039101745933294296,,
,,,,,,,,,,,,,939,2024-09-22 10:55:31.846314,,,,,,,,,,,,6896.63623046875,0.9555439949035645
6133.009765625,6133.009765625,0.0,99926.25,4936.14111328125,0.10042604804039001,3882.65771484375,1.0,0.3082343339920044,1.0943289995193481,1.0943289995193481,-0.2191603034734726,-0.03704759478569031,940,2024-09-22 10:56:12.331466,,,,,,,,,,,,,
5744.47802734375,5744.47802734375,0.0,98542.8125,5945.63720703125,0.12096430361270905,2977.44775390625,1.0,-0.0675940290093422,1.126339316368103,1.126339316368103,0.09105783700942993,0.3383682072162628,940,2024-09-22 10:57:06.145656,,,,,,,,,,,,,
8095.73681640625,8095.73681640625,0.0,91130.125,7279.1630859375,0.14809495210647583,2651.256591796875,1.0,0.30796051025390625,0.868287205696106,0.868287205696106,0.07341070473194122,-0.20343336462974548,940,2024-09-22 10:57:59.072068,,,,,,,,,,,,,
7234.07666015625,7234.07666015625,0.0,81168.0859375,7391.14794921875,0.15037329494953156,1927.8990478515625,1.0,-0.08151478320360184,0.9442784786224365,0.9442784786224365,0.258962482213974,0.13568788766860962,940,2024-09-22 10:58:52.813102,,,,,,,,,,,,,
6394.880859375,6394.880859375,0.0,92656.265625,6209.017578125,0.12632279098033905,1476.1201171875,1.0,0.12585048377513885,0.9100625514984131,0.9100625514984131,0.16786126792430878,-0.02144915983080864,940,2024-09-22 10:59:49.109868,,,,,,,,,,,,,
,,,,,,,,,,,,,940,2024-09-22 11:00:14.595845,0.1325523555278778,6515.30517578125,0.0,92581.3359375,6515.212890625,0.0,1.0,0.23793664574623108,0.9464888572692871,-0.08973616361618042,-0.23793664574623108,,
,,,,,,,,,,,,,940,2024-09-22 11:00:15.502703,,,,,,,,,,,,6690.99462890625,0.9586756825447083
6687.2578125,6687.2578125,0.0,94290.0,6125.578125,0.12462520599365234,2190.728759765625,1.0,0.25634637475013733,1.0025854110717773,1.0025854110717773,-0.02190513163805008,-0.0279958825558424,941,2024-09-22 11:01:05.529311,,,,,,,,,,,,,
5423.26513671875,5423.26513671875,0.0,94214.359375,5755.96728515625,0.11710545420646667,1995.4095458984375,1.0,-0.16678093373775482,0.904549241065979,0.904549241065979,0.42590606212615967,0.219604954123497,941,2024-09-22 11:02:02.068159,,,,,,,,,,,,,
6005.27392578125,6005.27392578125,0.0,105565.53125,5331.775390625,0.10847525298595428,2706.484375,1.0,0.24880734086036682,1.0694198608398438,1.0694198608398438,-0.17021627724170685,-0.03349405899643898,941,2024-09-22 11:02:59.771777,,,,,,,,,,,,,
6534.0771484375,6534.0771484375,0.0,91942.75,5984.0400390625,0.12174560874700546,1489.75439453125,1.0,0.3691518008708954,0.9682820439338684,0.9682820439338684,-0.12002609670162201,-0.19657771289348602,941,2024-09-22 11:03:56.432624,,,,,,,,,,,,,
6943.05224609375,6943.05224609375,0.0,115408.4375,6178.2265625,0.1256963461637497,2102.89208984375,1.0,0.36364707350730896,0.9095373153686523,0.9095373153686523,-0.08289232105016708,-0.2752695083618164,941,2024-09-22 11:04:53.344715,,,,,,,,,,,,,
,,,,,,,,,,,,,941,2024-09-22 11:05:11.714293,0.13015379011631012,6397.41552734375,0.0,95047.2109375,6397.32177734375,0.0,1.0,0.26958489418029785,0.9260373711585999,-0.08705732226371765,-0.26958489418029785,,
,,,,,,,,,,,,,941,2024-09-22 11:05:12.649466,,,,,,,,,,,,6575.0478515625,0.966020405292511
6987.4541015625,6987.4541015625,0.0,88790.296875,7274.380859375,0.1479976624250412,1631.3775634765625,1.0,-0.17593465745449066,1.0770115852355957,1.0770115852355957,0.13738104701042175,0.28202539682388306,942,2024-09-22 11:06:09.862977,,,,,,,,,,,,,
8054.63818359375,8054.63818359375,0.0,83294.5546875,8007.44873046875,0.16291196644306183,2599.861328125,1.0,0.018118565902113914,0.9006738662719727,0.9006738662719727,0.39894700050354004,0.16676698625087738,942,2024-09-22 11:07:07.360401,,,,,,,,,,,,,
7172.14453125,7172.14453125,0.0,92303.640625,7038.6953125,0.14320263266563416,2009.444580078125,1.0,0.06636518239974976,0.9248186349868774,0.9248186349868774,0.34747567772865295,0.18483449518680573,942,2024-09-22 11:08:04.007329,,,,,,,,,,,,,
6211.3583984375,6211.3583984375,0.0,118956.6484375,5425.50830078125,0.11038225144147873,1513.6748046875,1.0,0.5190884470939636,0.9853309392929077,0.9853309392929077,-0.27735593914985657,-0.3606034815311432,942,2024-09-22 11:09:01.760181,,,,,,,,,,,,,
,,,,,,,,,,,,,942,2024-09-22 11:10:09.609465,0.12867535650730133,6324.74365234375,0.0,92341.9765625,6324.6513671875,0.0,1.0,0.01804814115166664,0.9123102426528931,0.2011214941740036,-0.01804814115166664,,
,,,,,,,,,,,,,942,2024-09-22 11:10:12.374839,,,,,,,,,,,,6639.88916015625,0.9629096388816833
5450.0380859375,5450.0380859375,0.0,104564.171875,5676.1796875,0.11548217386007309,2393.1005859375,1.0,-0.0945410430431366,1.1091657876968384,1.1091657876968384,-0.0058587295934557915,0.2026601880788803,943,2024-09-22 11:10:20.121892,,,,,,,,,,,,,
5509.73876953125,5509.73876953125,0.0,129595.03125,5248.99462890625,0.10679107159376144,2516.20947265625,1.0,0.10357435792684555,0.8718544244766235,0.8718544244766235,0.3136325180530548,0.012138637714087963,943,2024-09-22 11:11:18.281722,,,,,,,,,,,,,
6983.27197265625,6983.27197265625,0.0,83454.046875,6524.236328125,0.132735937833786,3161.869873046875,1.0,0.14515213668346405,0.9171504974365234,0.9171504974365234,0.2670725882053375,0.06420440971851349,943,2024-09-22 11:12:15.060217,,,,,,,,,,,,,
7961.17578125,7961.17578125,0.0,81691.796875,5941.55810546875,0.12088131159543991,4960.00244140625,1.0,0.4071643054485321,0.7866425514221191,0.7866425514221191,0.28013989329338074,-0.1684180647134781,943,2024-09-22 11:13:12.814573,,,,,,,,,,,,,
7640.052734375,7640.052734375,0.0,72678.21875,7211.80126953125,0.14672447741031647,2212.84619140625,1.0,0.19349677860736847,1.0304598808288574,1.0304598808288574,-0.13106517493724823,-0.08002530038356781,943,2024-09-22 11:14:09.492292,,,,,,,,,,,,,
,,,,,,,,,,,,,943,2024-09-22 11:15:11.735659,0.13430942595005035,6601.66748046875,0.0,89312.140625,6601.578125,0.0,1.0,0.27414470911026,0.9186375141143799,-0.07693402469158173,-0.27414470911026,,
,,,,,,,,,,,,,943,2024-09-22 11:15:12.695504,,,,,,,,,,,,6687.6865234375,0.9686474204063416
7373.62890625,7373.62890625,0.0,88628.125,7559.3212890625,0.1537947952747345,2301.8115234375,1.0,-0.08071094751358032,0.9205665588378906,0.9205665588378906,0.40004050731658936,0.22517822682857513,944,2024-09-22 11:15:27.082723,,,,,,,,,,,,,
5796.9541015625,5796.9541015625,0.0,109047.546875,5684.93017578125,0.11566020548343658,1456.857177734375,1.0,0.07681965827941895,1.0533593893051147,1.0533593893051147,-0.12882384657859802,-0.02978063002228737,944,2024-09-22 11:16:24.075311,,,,,,,,,,,,,
7381.55322265625,7381.55322265625,0.0,80876.359375,6843.5439453125,0.13923226296901703,1756.5240478515625,1.0,0.30624598264694214,0.7807869911193848,0.7807869911193848,0.34883224964141846,-0.14701032638549805,944,2024-09-22 11:17:21.648596,,,,,,,,,,,,,
6175.54150390625,6175.54150390625,0.0,90396.1796875,5427.5068359375,0.11042290925979614,3390.70703125,1.0,0.22058649361133575,1.0730068683624268,1.0730068683624268,-0.1860482543706894,-0.04300062358379364,944,2024-09-22 11:18:18.553340,,,,,,,,,,,,,
7747.607421875,7747.607421875,0.0,91558.328125,8123.681640625,0.16527673602104187,2153.14697265625,1.0,-0.17470519244670868,1.017622470855713,1.017622470855713,0.3260625898838043,0.3446226716041565,944,2024-09-22 11:19:16.426636,,,,,,,,,,,,,
,,,,,,,,,,,,,944,2024-09-22 11:20:10.882747,0.13632312417030334,6700.64404296875,0.0,88855.203125,6700.5537109375,0.0,1.0,0.2830908000469208,0.9167010188102722,-0.08971302211284637,-0.2830908000469208,,
,,,,,,,,,,,,,944,2024-09-22 11:20:11.886780,,,,,,,,,,,,6912.29443359375,0.9653434753417969
5235.58642578125,5235.58642578125,0.0,102547.796875,5290.1103515625,0.10762757062911987,1880.602783203125,1.0,-0.02904737927019596,1.07410728931427,1.07410728931427,-0.04045785218477249,0.09710804373025894,945,2024-09-22 11:20:32.783051,,,,,,,,,,,,,
6741.87060546875,6741.87060546875,0.0,71532.4375,6197.22216796875,0.12608280777931213,2270.169921875,1.0,0.23988395929336548,0.9270342588424683,0.9270342588424683,0.06506001204252243,-0.09066176414489746,945,2024-09-22 11:21:30.965531,,,,,,,,,,,,,
8329.1279296875,8329.1279296875,0.0,81177.203125,7980.3095703125,0.162359818816185,1028.069580078125,1.0,0.33921578526496887,0.8135126233100891,0.8135126233100891,0.1293344348669052,-0.2854968011379242,945,2024-09-22 11:22:28.516825,,,,,,,,,,,,,
6391.11474609375,6391.11474609375,0.0,84394.421875,6471.05615234375,0.13165397942066193,1853.667724609375,1.0,-0.043171659111976624,1.0044825077056885,1.0044825077056885,0.15704022347927094,0.1571459323167801,945,2024-09-22 11:23:26.410243,,,,,,,,,,,,,
7634.96923828125,7634.96923828125,0.0,77705.109375,7848.09619140625,0.1596699357032776,1922.0870361328125,1.0,-0.11092358827590942,0.9914079904556274,0.9914079904556274,0.23275044560432434,0.18254408240318298,945,2024-09-22 11:24:23.374991,,,,,,,,,,,,,
,,,,,,,,,,,,,945,2024-09-22 11:25:11.823000,0.13938851654529572,6851.30126953125,0.0,80178.1796875,6851.2236328125,0.0,1.0,-0.11880625039339066,0.9249574542045593,0.2896539270877838,0.11880625039339066,,
,,,,,,,,,,,,,945,2024-09-22 11:25:12.798888,,,,,,,,,,,,6975.482421875,0.9683188199996948
8967.4755859375,8967.4755859375,0.0,70601.375,7852.71240234375,0.15976384282112122,4146.921875,1.0,0.2688000202178955,0.9737412333488464,0.9737412333488464,-0.033086296170949936,-0.09921666979789734,946,2024-09-22 11:25:40.552424,,,,,,,,,,,,,
7239.7392578125,7239.7392578125,0.0,93774.890625,5669.32421875,0.11534269899129868,4962.728515625,1.0,0.3164229094982147,1.1231372356414795,1.1231372356414795,-0.1020078957080841,0.139999121427536,946,2024-09-22 11:26:37.375685,,,,,,,,,,,,,
6950.46240234375,6950.46240234375,0.0,79219.09375,5979.74072265625,0.12165813893079758,2279.070556640625,1.0,0.42589396238327026,0.9199307560920715,0.9199307560920715,-0.11230435222387314,-0.27774739265441895,946,2024-09-22 11:27:35.443451,,,,,,,,,,,,,
7501.048828125,7501.048828125,0.0,79339.3984375,7291.044921875,0.14833669364452362,1431.19775390625,1.0,0.14667785167694092,0.9834549427032471,0.9834549427032471,-0.07637415826320648,-0.1203746572136879,946,2024-09-22 11:28:32.464925,,,,,,,,,,,,,
6061.9794921875,6061.9794921875,0.0,91407.1796875,6680.30029296875,0.13591106235980988,2462.333984375,1.0,-0.2511487901210785,1.1036455631256104,1.1036455631256104,0.18095532059669495,0.3765885531902313,946,2024-09-22 11:29:31.713071,,,,,,,,,,,,,
,,,,,,,,,,,,,946,2024-09-22 11:30:12.594188,0.13725325465202332,6746.35546875,0.0,86456.5,6746.27001953125,0.0,1.0,0.2628466784954071,0.9023893475532532,-0.0231599360704422,-0.2628466784954071,,
,,,,,,,,,,,,,946,2024-09-22 11:30:13.523142,,,,,,,,,,,,7165.76708984375,0.9519599080085754
5673.3857421875,5673.3857421875,0.0,84967.328125,5341.775390625,0.10867869853973389,1548.260009765625,1.0,0.21412760019302368,1.057260513305664,1.057260513305664,-0.096788190305233,0.006599367596209049,947,2024-09-22 11:30:48.211222,,,,,,,,,,,,,
